WillowLakeCampgroundandRVPark	https://www.willowlakecampground.ca
HolidayHarborResort	http://killamleisureliving.com/holidayharbour/
MapleGroveRVResort	https://maplegrovervresort.ca
ChurchillPark	http://www.cambridge.ca/cs_community/parks.php?cpid=41&did=7&fid=34&grid=13&sid=0&ssid=0&tp=0
ScottsTentandTrailerPark	https://www.campingatscotts.com
CobourgEastCampground	http://www.ceccamp.ca/
CedarValleyResort	https://www.cedarvalleyresort.ca/
WillowCovePark	https://www.willowcovepark.ca/
WoodlandPark	https://www.woodlandparkontario.com/
FranklinMotorHotelandCampgroun	http://franklinmotel.ca/
DreanyHavenCampground	http://dreanyhaven.com/
BlueSkyRVResorts	https://www.blueskyrvresorts.com
SantaMariaResort	https://www.santamariaresort.ca/
PanoramaCamp	https://www.panoramacamp.com?utm_source=rvparkreviews.com&utm_medium=referral&utm_campaign=RVLife_Campgrounds
AlmaguinCampground	https://almaguincampground.ca/
WasagaDunes	https://www.parkbridge.com/en/resort/resort-detail/wasaga-dunes
WidgawaLodge	https://www.widgawalodge.ca
SportsmansTentTrailerPark	http://www.sportsmans-park.com/
TranquilAcresCampingRVPark	http://www.tranquilacrescamping.ca/
BellHavenParkResort	https://www.bellhavenpark.com
ScugogLanding	https://www.parkbridge.com/en-ca/rv-cottages/Goreskis-Landing
SerenityHillsRVPark	https://www.serenityresorts.ca/
SkycroftCampgroundResort	https://www.skycroft.com/
SunnyHillResort	http://www.sunnyhillresort.com/
BearRidgeCampgroundCottages	https://bearridgecamp.ca/index.html
GreatCanadianCampground	https://greatcanadiancampgrounds.ca/
CountyShores	https://countyshores.com/
CedarShadeCampground	https://www.cedarshade.com/
StillwaterTentandTrailerPark	https://stillwaterpark.ca/
ChippewaPark	https://www.thunderbay.ca/en/recreation/chippewa-park-campground.aspx
SunsetShoresResort	https://www.sunsetshores.ca/
RedPineLodge	https://www.red-pine-lodge.com/
BackusHeritageConservationArea	https://ontarioconservationareas.ca/conservation-areas/backus-heritage/
BluewaterVillageResort	https://bluewatervillageresort.com/
EgansCampground	https://www.eganscampground.com/
RusTonFamilyCampground	http://www.rustoncampground.com/
AhmicLakeResort	https://www.ahmiclakeresort.com/
SouthBayPark	https://www.rootsrv.ca/southbaypark
LayzeeAcresCampground	https://www.layzeeacres.com/campground-info/
CandlelightontheBayRVResort	http://candlelightonthebay.com/
SandwoodTentTrailerPark	http://www.sandwoodtrailerpark.com/
ArranLakeRVResortCampground	https://www.sunrvresorts.com/resorts/true-north/ontario/arran-lake/
MazinawLakesideRVParkCampgroun	https://www.mazinawlakesideresort.com/
LakeviewCampgrounds	https://lakeviewcampsite.ca/
MapleViewCampground	http://www.mapleviewcamp.com/
RiverBendCabinsTentTrailerPark	https://river-bend-cabins-tent-trailer-park.business.site/
TroutWaterFamilyCamping	http://www.troutwatercamping.com/
Lifestylecamping	https://lifestylecamping.ca
NeysAdventuresCampground	https://www.neysadventures.com/camping
RMSCamping	https://www.rmscamping.ca
GibbsCampingRVResort	https://www.gibbscampingandresort.com/
NewEarthEstate	https://www.newearthestate.com/
CedarRailFamilyCampground	http://www.cedarrailcamp.com/
ReviveGrahamLake	http://www.reviveresorts.ca/
FamilyParadiseCampground	http://www.killamleisureliving.com/
AintreeTrailerPark	http://www.aintreepark.com/
ConestogaFamilyCampgrounds	http://www.conestogacamp.com/
WhisperingPinesFamilyCampgroun	https://campontario.net/
BigValleyCampingResort	http://bigvalleyresorts.com/
PineCliffResort	http://www.pinecliff.com/
FranklinMotelTentTrailerPark	http://www.franklinmotel.ca/
DoubleMRVResortCampground	http://www.doublemcampground.ca/
ThunderbirdResortCampground	http://thunderbirdresort.ca/
AntlersKingfisherLodgeTrailerP	https://www.antlerskingfisherlodge.com/
ManitoulinResort	http://www.manitoulinresort.com/
PinePointResort	http://pinepointresort.com/
LaughingWaterTrailerPark	http://www.laughingwaterpark.com/
