WillowLakeCampgroundandRVPark	Willow Lake Campground and RV Park
WildwoodGolfRVResort	Wildwood Golf & RV Resort
PaulBunyanLakeFrontResort	Paul Bunyan Lake Front Resort
SilverDoveEstates	Silver Dove Estates
SturgeonWoodsCampgroundandMari	Sturgeon Woods Campground and Marina
EmeraldLakeTrailerResortWaterp	Emerald Lake Trailer Resort & Waterpark
WindmillFamilyCampground	Windmill Family Campground
RockGlenFamilyResort	Rock Glen Family Resort
ShoreAcresRVPark	Shore Acres RV Park
RochesterPlaceCampground	Rochester Place Campground
HolidayHarborResort	Holiday Harbor Resort
MapleGroveRVResort	Maple Grove RV Resort
MitchellsBayMarinePark	Mitchell's Bay Marine Park
50SmallParkResort	50 Small Park Resort
ChurchillPark	Churchill Park
CamparkResorts	Campark Resorts
QuintesIsleCampark	Quinte's Isle Campark
ScottsTentandTrailerPark	Scott's Tent and Trailer Park
CobourgEastCampground	Cobourg East Campground
CedarValleyResort	Cedar Valley Resort
WillowCovePark	Willow Cove Park
WoodlandPark	Woodland Park
SummerHousePark	Summer House Park
HeidisCampground	Heidi's Campground
FranklinMotorHotelandCampgroun	Franklin Motor Hotel and Campground
CampinginMuskoka	Camping in Muskoka
DreanyHavenCampground	Dreany Haven Campground
BlueSkyRVResorts	Blue Sky RV Resorts
SpanishRiverResortandCampgroun	Spanish River Resort and Campground
SaugeenSpringsRVParkInc	Saugeen Springs R.V. Park Inc.
SantaMariaResort	Santa Maria Resort
PinecrestTentTrailerPark	Pinecrest Tent & Trailer Park
PanoramaCamp	Panorama Camp
AlmaguinCampground	Almaguin Campground
SaubleFallsTentandTrailerPark	Sauble Falls Tent and Trailer Park
DoeLakeCampgroundRizzort	Doe Lake Campground Rizzort
WasagaDunes	Wasaga Dunes
WidgawaLodge	Widgawa Lodge
SportsmansTentTrailerPark	Sportsman's Tent & Trailer Park
KittawaRVResort	Kittawa RV Resort
PineRidgePark	Pine Ridge Park
TranquilAcresCampingRVPark	Tranquil Acres Camping RV Park
BellHavenParkResort	Bell Haven Park & Resort
ScugogLanding	Scugog Landing
TrailerParkontheBay	Trailer Park on the Bay
SerenityHillsRVPark	Serenity Hills RV Park
SkycroftCampgroundResort	Skycroft Campground Resort
SunnyHillResort	Sunny Hill Resort
DesertLakeFamilyResort	Desert Lake Family Resort
BearRidgeCampgroundCottages	Bear Ridge Campground & Cottages
GreatCanadianCampground	Great Canadian Campground
WestPinesParkResort	West Pines Park Resort
BreezyHillCampingRVPark	Breezy Hill Camping & RV Park
CountyShores	County Shores
CedarShadeCampground	Cedar Shade Campground
StillwaterTentandTrailerPark	Stillwater Tent and Trailer Park
ChippewaPark	Chippewa Park
BirchlandTrailerPark	Birchland Trailer Park
SunsetShoresResort	Sunset Shores Resort
CulverPark	Culver Park
MelaniesCampingRVPark	Melanie's Camping & RV Park
CecilesTrailerPark	Cecile's Trailer Park
RedPineLodge	Red Pine Lodge
BackusHeritageConservationArea	Backus Heritage Conservation Area
ParadiseValley	Paradise Valley
BluewaterVillageResort	Bluewater Village Resort
EgansCampground	Egan's Campground
TheOldHomesteadTrailerPark	The Old Homestead Trailer Park
NithRiverCampground	Nith River Campground
RusTonFamilyCampground	Rus-Ton Family Campground
AuburnRiversideRetreat	Auburn Riverside Retreat
LakesideVillageCampground	Lakeside Village Campground
RaysCottages	Ray's Cottages
CastletonHillsRVPark	Castleton Hills RV Park
SaugeenCedarsFamilyCampground	Saugeen Cedars Family Campground
McAlpineBeachCampground	McAlpine Beach Campground
AhmicLakeResort	Ahmic Lake Resort
LakeLauzonResortAndMarine	Lake Lauzon Resort And Marine
SouthBayPark	South Bay Park
LayzeeAcresCampground	Layzee Acres Campground
CandlelightontheBayRVResort	Candlelight on the Bay RV Resort
SandwoodTentTrailerPark	Sandwood Tent & Trailer Park
ArranLakeRVResortCampground	Arran Lake RV Resort & Campground
BeachesatPineconePark	Beaches at Pinecone Park
CosmoCampingThousandIslands	Cosmo Camping Thousand Islands
HeadLakeRVResort	Head Lake RV Resort
MazinawLakesideRVParkCampgroun	Mazinaw Lakeside RV Park & Campground
WoodlandCampsite	Woodland Campsite
LakeviewCampgrounds	Lakeview Campgrounds
BuckhornNarrowsResort	Buckhorn Narrows Resort
MapleViewCampground	Maple View Campground
SnidersTentandTrailerPark	Snider's Tent and Trailer Park
RiverBendCabinsTentTrailerPark	River Bend Cabins Tent Trailer Park
SherwoodParkCampground	Sherwood Park Campground
McCrearysBeachResort	McCreary's Beach Resort
TroutWaterFamilyCamping	Trout Water Family Camping
LakefieldCampground	Lakefield Campground
Lifestylecamping	Lifestylecamping
GullrockLakeLodgeandRVPark	Gullrock Lake Lodge and RV Park
NeysAdventuresCampground	Neys Adventures Campground
HappyHolidayCampgroundandCotta	Happy Holiday Campground and Cottages
RMSCamping	RMS Camping
GraftonPinesFamilyCampground	Grafton Pines Family Campground
GibbsCampingRVResort	Gibbs Camping & RV Resort
CapeCrokerPark	Cape Croker Park
WillowoodRVResort	Willowood RV Resort
WaterwaysRVResort	Waterways RV Resort
NewEarthEstate	New Earth Estate
BrucesLandingRVResort	Bruce's Landing RV Resort
OReillyLakeResort	O'Reilly Lake Resort
WhitewaterCottageandRVResort	Whitewater Cottage and RV Resort
DuckLakeRVResort	Duck Lake RV Resort
DriftwoodBeachResort	Driftwood Beach Resort
BobcaygeonShoresCottageResort	Bobcaygeon Shores Cottage Resort
SplashValleyWaterparkResort	Splash Valley Waterpark Resort
CedarValleyCottageResort	Cedar Valley Cottage Resort
CedarRailFamilyCampground	Cedar Rail Family Campground
ReviveGrahamLake	Revive Graham Lake
FamilyParadiseCampground	Family Paradise Campground
AintreeTrailerPark	Aintree Trailer Park
ConestogaFamilyCampgrounds	Conestoga Family Campgrounds
WhisperingPinesFamilyCampgroun	Whispering Pines Family Campground
HopeBayCampground	Hope Bay Campground
BigValleyCampingResort	Big Valley Camping Resort
LogChateauPark	Log Chateau Park
NomiResort	Nomi Resort
PineCliffResort	Pine Cliff Resort
FranklinMotelTentTrailerPark	Franklin Motel Tent & Trailer Park
DoubleMRVResortCampground	Double "M" RV Resort & Campground
GreenAcresManitoulinFamilyCamp	Green Acres Manitoulin - Family Campground
ThunderbirdResortCampground	Thunderbird Resort & Campground
BancroftCampground	Bancroft Campground
CaledonHillsResort	Caledon Hills Resort
AntlersKingfisherLodgeTrailerP	Antler's Kingfisher Lodge & Trailer Park
BlueBirdTrailerCampsite	Blue Bird Trailer & Campsite
HaidsHideaway	Haid's Hideaway
TheTwinTowersRestaurantandCamp	The Twin Towers Restaurant and Campground
ManitoulinResort	Manitoulin Resort
PinePointResort	Pine Point Resort
LaughingWaterTrailerPark	Laughing Water Trailer Park
CameronsPointFamilyCampground	Cameron's Point Family Campground
