BigAxeBreweryCampground	http://www.bigaxe.ca
OceanViewCamping	https://tourismnewbrunswick.ca/listing/ocean-view-camping
SandyBeachTentingandTrailerPar	http://www.gonb.ca/sandybeach/home-e.shtml
GrandeRiviereCamping	https://campingstleonard.com/
CampingDTinc	http://campingdt.com
WishwoodResort	http://www.wishwoodresort.ca
SandyPointParkInc	https://royalca.cyou/sandy-point-park-5k8k6o
AllNightAllDayCampgroundCottag	https://oldchurchcottages.com/en/2257053/jones-brook-cottage-bbq-pool-table-firepit-ac
CozyLittleRiverCamping	https://campoceanriver.com/
LesChampsDolivierCamping	http://www.sn2000.nb.ca/comp/champs-d'olivier/
CampingHache	http://campinghached2.wordpress.com/
ChaletsetCampingdesIlesJeannot	https://campingjeannot.com/
CampingMotelDoiron	https://royalca.cyou/camping-motel-doiron-x6o2ch
StonehurstCampgroundGolfCourse	http://www.stonehurstcamping.ca/
HeritageCountryCamping	http://www.heritagecamping.com/
SpringWaterCampground	http://www.springwatercamping.com/
MaisonTouristiqueDugasCamping	http://www.maisontouristiquedugas.ca/
RiverRunCampground	http://www.riverruncampground.ca/
CampinglaVague	https://campinglavague.ca/fr/
CampingStLeonard	https://campingstleonard.com/
CampingLaMarina	http://www.marinadebascaraquet.ca/camping.htm
