HarttIslandRVResort	Hartt Island RV Resort
WestRiverCamping	West River Camping
RiverbendWildernessCampingInc	Riverbend Wilderness Camping Inc.
BigAxeBreweryCampground	Big Axe Brewery Campground
MohawkCamping	Mohawk Camping
OceanViewCamping	Ocean View Camping
SandyBeachTentingandTrailerPar	Sandy Beach Tenting and Trailer Park
GrandeRiviereCamping	Grande-Riviere Camping
CampingDTinc	Camping DT inc
DeerIslandPointCampground	Deer Island Point Campground
WishwoodResort	Wishwood Resort
SandyPointParkInc	Sandy Point Park Inc.
CambridgeNarrowsCampground	Cambridge Narrows Campground
AllNightAllDayCampgroundCottag	All Night All Day Campground-Cottages
CozyLittleRiverCamping	Cozy Little River Camping
LesChampsDolivierCamping	Les Champs D'olivier Camping
BartibogPark	Bartibog Park
HamptonRecreation	Hampton Recreation
RapidBrookCamping	Rapid Brook Camping
BackHomeFamilyCampground	Back Home Family Campground
CampingHache	Camping Hache
ChaletsetCampingdesIlesJeannot	Chalets et Camping des Iles Jeannot
EvergreenAcresCampgrounds	Evergreen Acres Campgrounds
CampingMotelDoiron	Camping & Motel Doiron
ExperienceRestigouche	Experience Restigouche
StonehurstCampgroundGolfCourse	Stonehurst Campground & Golf Course
BeachviewCampground	Beachview Campground
HeritageCountryCamping	Heritage Country Camping
SpringWaterCampground	Spring Water Campground
MaisonTouristiqueDugasCamping	Maison Touristique Dugas Camping
RiverRunCampground	River Run Campground
CampinglaVague	Camping la Vague
CedarCoveCamping	Cedar Cove Camping
LonePineParkCamping	Lone Pine Park Camping
EscaledellleCampgroundandInn	Escale de l'lle Campground and Inn
CampingStLeonard	Camping St Leonard
CampingLaMarina	Camping La Marina
