HarttIslandRVResort	https://www.harttisland.ca/
WestRiverCamping	https://westrivercamping.ca
RiverbendWildernessCampingInc	http://www.rwcamping.com
BigAxeBreweryCampground	http://www.bigaxe.ca
MohawkCamping	http://www.mohawkcamping.ca/
OceanViewCamping	https://tourismnewbrunswick.ca/listing/ocean-view-camping
SandyBeachTentingandTrailerPar	http://www.gonb.ca/sandybeach/home-e.shtml
GrandeRiviereCamping	https://campingstleonard.com/
CampingDTinc	http://campingdt.com
DeerIslandPointCampground	http://www.facebook.com/deerislandpointpark
WishwoodResort	http://www.wishwoodresort.ca
SandyPointParkInc	https://royalca.cyou/sandy-point-park-5k8k6o
CambridgeNarrowsCampground	http://www.cambridgenarrowscampground.ca/
AllNightAllDayCampgroundCottag	https://oldchurchcottages.com/en/2257053/jones-brook-cottage-bbq-pool-table-firepit-ac
CozyLittleRiverCamping	https://campoceanriver.com/
LesChampsDolivierCamping	http://www.sn2000.nb.ca/comp/champs-d'olivier/
BartibogPark	
HamptonRecreation	http://hamptonrecreation.com/
RapidBrookCamping	
BackHomeFamilyCampground	https://backhomefamilycampground.com/
CampingHache	http://campinghached2.wordpress.com/
ChaletsetCampingdesIlesJeannot	https://campingjeannot.com/
EvergreenAcresCampgrounds	
CampingMotelDoiron	https://royalca.cyou/camping-motel-doiron-x6o2ch
ExperienceRestigouche	http://experiencerestigouche.com/
StonehurstCampgroundGolfCourse	http://www.stonehurstcamping.ca/
BeachviewCampground	https://www.beachviewcampground.com/
HeritageCountryCamping	http://www.heritagecamping.com/
SpringWaterCampground	http://www.springwatercamping.com/
MaisonTouristiqueDugasCamping	http://www.maisontouristiquedugas.ca/
RiverRunCampground	http://www.riverruncampground.ca/
CampinglaVague	https://campinglavague.ca/fr/
CedarCoveCamping	http://www.cedarcovecamping.ca/
LonePineParkCamping	https://m.facebook.com/pages/Lone-Pine-Park-Campgrounds-Cabins/114269601953295
EscaledellleCampgroundandInn	
CampingStLeonard	https://campingstleonard.com/
CampingLaMarina	http://www.marinadebascaraquet.ca/camping.htm
