GreenAcresCampground	Green Acres Campground
GreatWoodsParkCampground	Great Woods Park & Campground
OnanoleRVParkCampground	Onanole RV Park & Campground
SandyLakeMotelCampground	Sandy Lake Motel & Campground
ForestHillsCabinRentalsRVPark	Forest Hills Cabin Rentals & RV Park
ChampagnesRVPark	Champagne's RV Park
PyottsWestCampgound	Pyott's West Campgound
NarrowsSunsetLodge	Narrows Sunset Lodge
BuffaloPointResort	Buffalo Point Resort
RidgewoodSouthGolfCourseCampgr	Ridgewood South Golf Course & Campground
HollandAgriculturalSocietyCamp	Holland Agricultural Society Campground
VikingLodge	Viking Lodge
NetleyCreekGolfRVPark	Netley Creek Golf & RV Park
SportsmansCornerCampground	Sportsman's Corner Campground
MantagoBayRVParkCampground	Mantago Bay RV Park & Campground
