GreenAcresCampground	http://www.swanrivercampground.com/
GreatWoodsParkCampground	http://www.greatwoodspark.com
OnanoleRVParkCampground	http://www.campingmanitoba.com
SandyLakeMotelCampground	https://www.sandylakemotelandcampground.com
ForestHillsCabinRentalsRVPark	https://www.foresthillsresort.ca/
ChampagnesRVPark	
PyottsWestCampgound	http://www.pyotts.ca/
NarrowsSunsetLodge	http://www.narrowssunsetlodge.com/
BuffaloPointResort	http://www.buffalopoint.ca/
RidgewoodSouthGolfCourseCampgr	http://golfparkresort.com/
HollandAgriculturalSocietyCamp	
VikingLodge	http://www.vikinglodge.ca/
NetleyCreekGolfRVPark	http://www.netleycreekgolf.com/
SportsmansCornerCampground	http://www.sportsmanscorner.ca/
MantagoBayRVParkCampground	http://www.mantagobaycampground.com/
