CranberryCampground	https://www.cranberrycampground.ca/
OvensNaturalPark	https://www.ovenspark.com/
PointofViewRVPark	http://www.campingnovascotia.com/nova-scotia-campgrounds/?id=29
WisperingWindsFamilyCampground	https://whisperingwindscampground.com/
ThePlantationCampground	https://www.plantationcampground.com/
RiverdaleRVPark	http://www.louisbourg.com/riverdale
RiverRyanCampground	http://www.novascotia.com/en/home/placestostay/listingdetails.aspx/river-ryan-campground/130
OrchardQueenMotelRVPark	http://orchardqueenmotelrvpark.com/
WhatAViewCampground	https://whataview.ca/
DDBayviewCampground	http://remsheg.tripod.com/camp.htm
JaggarsPointOceanfrontCampgrou	http://www.campinnovascotia.com/
BenEoinBeachRVResortCampground	http://beneoinbeach.ca/
EastRiverLodgeCampgroundTraile	https://innca.click/east-river-campground-ip7016
SherwoodForestCampingPark	http://www.sherwoodforestcampingpark.com/
ValleyRRCampground	https://www.valleyrandrcampground.com/
