WaysideCampground	Wayside Campground
CranberryCampground	Cranberry Campground
OvensNaturalPark	Ovens Natural Park
OakhillPinesCampground	Oakhill Pines Campground
PointofViewRVPark	Point of View RV Park
WisperingWindsFamilyCampground	Wispering Winds Family Campground
ThePlantationCampground	The Plantation Campground
RiverdaleRVPark	Riverdale RV Park
RiverRyanCampground	River Ryan Campground
OrchardQueenMotelRVPark	Orchard Queen Motel & RV Park
MaitlandFamilyCampground	Maitland Family Campground
MapleRidgeRVSites	Maple Ridge RV Sites
TimeOutCampgroundRVPark	Time-Out Campground & RV Park
KluskapRidgeRVandCampground	Kluskap Ridge RV and Campground
WhatAViewCampground	What A View Campground
DDBayviewCampground	D & D Bayview Campground
DiamondShoresCampgroundandCabi	Diamond Shores Campground and Cabins
JaggarsPointOceanfrontCampgrou	Jaggars Point Oceanfront Campground Resort
BenEoinBeachRVResortCampground	Ben Eoin Beach RV Resort & Campground
EastRiverLodgeCampgroundTraile	East River Lodge Campground & Trailer Park
EnglishtownRidgeCampgroundRVPa	Englishtown Ridge Campground & RV Park
UpperClementsCottagesRVPark	Upper Clements Cottages & RV Park
SherwoodForestCampingPark	Sherwood Forest Camping Park
ValleyRRCampground	Valley R&R Campground
FoxMountainCampingPark	Fox Mountain Camping Park
