WaysideCampground	https://www.waysidecampground.com/
CranberryCampground	https://www.cranberrycampground.ca/
OvensNaturalPark	https://www.ovenspark.com/
OakhillPinesCampground	https://www.oakhillpines.com/
PointofViewRVPark	http://www.campingnovascotia.com/nova-scotia-campgrounds/?id=29
WisperingWindsFamilyCampground	https://whisperingwindscampground.com/
ThePlantationCampground	https://www.plantationcampground.com/
RiverdaleRVPark	http://www.louisbourg.com/riverdale
RiverRyanCampground	http://www.novascotia.com/en/home/placestostay/listingdetails.aspx/river-ryan-campground/130
OrchardQueenMotelRVPark	http://orchardqueenmotelrvpark.com/
MaitlandFamilyCampground	https://m.facebook.com/Maitlandfamilycampground/
MapleRidgeRVSites	https://www.facebook.com/MapleRidgeCabins?mibextid=ZbWKwL
TimeOutCampgroundRVPark	https://timeoutcampground.ca/
KluskapRidgeRVandCampground	https://www.kluskapridge.ca
WhatAViewCampground	https://whataview.ca/
DDBayviewCampground	http://remsheg.tripod.com/camp.htm
DiamondShoresCampgroundandCabi	https://m.facebook.com/pages/category/Campground/Diamond-Shores-Campground-135098259850456/
JaggarsPointOceanfrontCampgrou	http://www.campinnovascotia.com/
BenEoinBeachRVResortCampground	http://beneoinbeach.ca/
EastRiverLodgeCampgroundTraile	https://innca.click/east-river-campground-ip7016
EnglishtownRidgeCampgroundRVPa	https://www.englishtownridge.com/
UpperClementsCottagesRVPark	http://www.upperclementscottages.com/
SherwoodForestCampingPark	http://www.sherwoodforestcampingpark.com/
ValleyRRCampground	https://www.valleyrandrcampground.com/
FoxMountainCampingPark	https://foxmountaincampingpark.com/
