WatertonSpringsCampground	https://www.watertonspringscamping.com
11BridgesCampgroundRVandCabinP	http://www.11bridgescampground.ca/?utm_source=campgroundreviews.com&utm_campaign=RVLife_Campgrounds&utm_medium=referral
GreatCanadianBarnDance	http://www.greatcanadianbarndance.com
WestviewRVPark	http://westviewrvpark.com/
EagleRiverRVPark	http://www.eagleriverrv.com/
CrowsnestPassCampground	https://www.crowsnestpasscampground.com
BarWRVResort	https://barwresort.com/
NormsWalleyeCamp	https://www.normswalleyecamp.com
MinkLakeRVParkCampground	https://minklakecampground.ca/
LittlePrairieRVCampground	https://www.countyofnorthernlights.com/business-and-development/business/directory/little-prairie-rv-park
RockandRailRanchRVCampground	https://rockandrailranch.com/
WillowbendResort	https://www.willowbendresort.com/
Rosewoodresort	http://www.rosewoodresort.ca
AthabascaRiverRanch	http://www.athabascariverranch.com
HandhillsHighCountryHideaway	https://www.handhillshideaway.ca
TheLewykPark	https://thelewykpark.com/
CorridorCampground	https://letscamp.ca/camps/corridor-campground
PipestoneMotelCampground	https://pipestonemotel.com/
MCRVPark	https://www.mcrv.ca
CrowsnestRiverRVPark	http://crowsnestriverrvpark.ca
CampinoNatural	https://campinonatural.ca/
RiverbankGolfRVPark	https://www.riverbankgolfandrv.com/
WolfCreekCampgroundandGolfReso	http://www.wolfcreekgolf.com/rates/wolf-creek-golf-resort-campground-expansion
HideawayAdventureGrounds	http://www.hideawayadventuregrounds.ca/
CountryComfortCabinsandRV	http://countrycomfortcabins.com/
ClearwaterTradingRVPark	http://www.clearwatertrading.ca/
RiverMeadowsRVPark	https://rivermeadowsrvpark.weebly.com/
