GlowingEmbersRVParkTravelCentr	Glowing Embers RV Park & Travel Centre
WatertonSpringsCampground	Waterton Springs Campground
BeaverDamGolfandRVResort	Beaver Dam Golf and RV Resort
BuffaloPlainsRVParkCampground	Buffalo Plains RV Park & Campground
11BridgesCampgroundRVandCabinP	11 Bridges Campground RV and Cabin Park
GreatCanadianBarnDance	Great Canadian Barn Dance
WestviewRVPark	Westview RV Park
EagleRiverRVPark	Eagle River RV Park
SpringLakeRVResort	Spring Lake RV Resort
PoplarRidgeRVPark	Poplar Ridge RV Park
CrowsnestPassCampground	Crowsnest Pass Campground
FortLionsCampground	Fort Lions Campground
WildernessVillageRVResort	Wilderness Village RV Resort
ElktonValleyCampgound	Elkton Valley Campgound
BarWRVResort	BarW RV Resort
HiddenGroveCampgroundandRVPark	Hidden Grove Campground and RV Park
RockyfordLionsCampground	Rockyford Lions Campground
NormsWalleyeCamp	Norm's Walleye Camp
MinkLakeRVParkCampground	Mink Lake RV Park & Campground
LittlePrairieRVCampground	Little Prairie RV Campground
RockandRailRanchRVCampground	Rock and Rail Ranch RV Campground
WillowbendResort	Willowbend Resort
RiversideRVPark	Riverside RV Park
BluebirdRVPark	Bluebird RV Park
Rosewoodresort	Rosewood resort
CynthiaRVParkCampground	Cynthia RV Park & Campground
AthabascaRiverRanch	Athabasca River Ranch
HandhillsHighCountryHideaway	Handhills High-Country Hideaway
MilletLionsMemorialCampground	Millet Lions Memorial Campground
PeaceRiverAdventuresCampground	Peace River Adventures Campground
TheLewykPark	The Lewyk Park
TheKampDiariesRVResort	The Kamp Diaries RV Resort
EvergreenBirchLodgeandRVResort	Evergreen Birch Lodge and RV Resort
HomeOnTheRangeRVPark	Home On The Range RV Park
ElkRidgeRanchandRV	Elk Ridge Ranch and RV
CorridorCampground	Corridor Campground
PipestoneMotelCampground	Pipestone Motel & Campground
MCRVPark	M&C RV Park
WaterValleyCampgroundSouth	Water Valley Campground - South
BuffaloLakeRecArea	Buffalo Lake Rec Area
CrowsnestRiverRVPark	Crowsnest River RV Park
CampinoNatural	Campino Natural
PrairiePeaksCampground	Prairie Peaks Campground
RiverbankGolfRVPark	Riverbank Golf & RV Park
NewOldTownCottagesRVPark	New Old Town Cottages & RV Park
WolfCreekCampgroundandGolfReso	Wolf Creek Campground and Golf Resort
BearPawPar3GolfCourseRVPark	Bear Paw Par 3 Golf Course & RV Park
PrairieJunctionRVResort	Prairie Junction RV Resort
EdsonLionsParkCampground	Edson Lions Park Campground
DiscoveryWildlifeParkCampgroun	Discovery Wildlife Park & Campground
HideawayAdventureGrounds	Hideaway Adventure Grounds
CountryComfortCabinsandRV	Country Comfort Cabins and RV
FireflyFiddleResort	Firefly & Fiddle Resort
HorseshoeCanyonVisitorCentreCa	Horseshoe Canyon Visitor Centre & Campground
CountrysideCampgroundRVPark	Countryside Campground & RV Park
ClearwaterTradingRVPark	Clearwater Trading RV Park
NorthernLightsRVResort	Northern Lights RV Resort
MeadowlandsRVParkGolfCourse	Meadowlands RV Park & Golf Course
RiverMeadowsRVPark	River Meadows RV Park
