GlowingEmbersRVParkTravelCentr	https://glowingembersrvpark.com/?utm_source=campgroundreviews.com&utm_campaign=RVLife_Campgrounds&utm_medium=referral
WatertonSpringsCampground	https://www.watertonspringscamping.com
BeaverDamGolfandRVResort	http://beaverdamgolf.ca?utm_source=campgroundreviews.com&utm_campaign=RVLife_Campgrounds&utm_medium=referral
BuffaloPlainsRVParkCampground	
11BridgesCampgroundRVandCabinP	http://www.11bridgescampground.ca/?utm_source=campgroundreviews.com&utm_campaign=RVLife_Campgrounds&utm_medium=referral
GreatCanadianBarnDance	http://www.greatcanadianbarndance.com
WestviewRVPark	http://westviewrvpark.com/
EagleRiverRVPark	http://www.eagleriverrv.com/
SpringLakeRVResort	https://www.springlakeresort.com/
PoplarRidgeRVPark	https://www.albertacampgroundguide.ca/campgrounds/poplar-ridge-rv-park-and-campground/
CrowsnestPassCampground	https://www.crowsnestpasscampground.com
FortLionsCampground	https://www.fortlionscampground.com/
WildernessVillageRVResort	https://www.wildernessvillage.ca
ElktonValleyCampgound	
BarWRVResort	https://barwresort.com/
HiddenGroveCampgroundandRVPark	https://hiddengrove.ca/
RockyfordLionsCampground	https://www.rockyford.ca/village-info/rockyford-campsite
NormsWalleyeCamp	https://www.normswalleyecamp.com
MinkLakeRVParkCampground	https://minklakecampground.ca/
LittlePrairieRVCampground	https://www.countyofnorthernlights.com/business-and-development/business/directory/little-prairie-rv-park
RockandRailRanchRVCampground	https://rockandrailranch.com/
WillowbendResort	https://www.willowbendresort.com/
RiversideRVPark	https://riversidervpark.camp/
BluebirdRVPark	https://www.bluebirdrvpark.ca
Rosewoodresort	http://www.rosewoodresort.ca
CynthiaRVParkCampground	
AthabascaRiverRanch	http://www.athabascariverranch.com
HandhillsHighCountryHideaway	https://www.handhillshideaway.ca
MilletLionsMemorialCampground	https://milletlionscampground.com/
PeaceRiverAdventuresCampground	https://peaceriveradventures.ca
TheLewykPark	https://thelewykpark.com/
TheKampDiariesRVResort	https://thekampdiaries.com/
EvergreenBirchLodgeandRVResort	https://evergreenbirchlodge.com
HomeOnTheRangeRVPark	http://homeontherangervpark.ca
ElkRidgeRanchandRV	
CorridorCampground	https://letscamp.ca/camps/corridor-campground
PipestoneMotelCampground	https://pipestonemotel.com/
MCRVPark	https://www.mcrv.ca
WaterValleyCampgroundSouth	http://cremonalions.ca/Water%20Valley%20Campground/
BuffaloLakeRecArea	https://www.albertaparks.ca/parks/central/buffalo-lake-pra/information-facilities/camping/buffalo-lake/
CrowsnestRiverRVPark	http://crowsnestriverrvpark.ca
CampinoNatural	https://campinonatural.ca/
PrairiePeaksCampground	https://www.prairiepeakscampground.com/
RiverbankGolfRVPark	https://www.riverbankgolfandrv.com/
NewOldTownCottagesRVPark	http://www.newoldtowncottages.com/
WolfCreekCampgroundandGolfReso	http://www.wolfcreekgolf.com/rates/wolf-creek-golf-resort-campground-expansion
BearPawPar3GolfCourseRVPark	https://gobearpaw.ca/
PrairieJunctionRVResort	http://www.pjrvresort.com/
EdsonLionsParkCampground	
DiscoveryWildlifeParkCampgroun	http://www.discoverywildlifepark.com/
HideawayAdventureGrounds	http://www.hideawayadventuregrounds.ca/
CountryComfortCabinsandRV	http://countrycomfortcabins.com/
FireflyFiddleResort	http://fireflyandfiddle.com/
HorseshoeCanyonVisitorCentreCa	http://horseshoecanyon.ca/
CountrysideCampgroundRVPark	http://www.countryside-rvpark.com/
ClearwaterTradingRVPark	http://www.clearwatertrading.ca/
NorthernLightsRVResort	http://www.northernlightsrvresort.com/
MeadowlandsRVParkGolfCourse	http://www.golfsylvanlake.com/
RiverMeadowsRVPark	https://rivermeadowsrvpark.weebly.com/
