BigIslandCoveResort	https://bigislandcove.com/
UnityMobileHomeandRVPark	https://unityrvpark.ca/
HarbethHouseRVPark	http://www.harbethhouserv.com
ArlingtonBeachCamp	https://arlingtonbeachcamp.com/rv-campground/
CreeksideGardens	https://www.facebook.com/visitcreeksidegardens/
MooseHornLodgeandCampground	
CravenWorldCampground	http://www.cravenworld.com/
CanoraBeachResort	http://goodspiritlake.com/
NorthernCrossResortLacdesIsles	http://www.ncresort.com/
JanLakeLodge	http://janlakelodge.com/
TheElmsonGrand	https://letscamp.ca/camps/6827926c4af0a384e21018d0
