CampingBasSaintLaurent	https://campingbsl.com/
BassinLouiseRVParkingLot	https://www.portquebec.ca/stationnements/louise-vr-bassin
CampingOrléans	https://campingorleans.com/
CampingParcBromont	https://campingbromont.com/contact/
CampingMarinaParcBellerive	https://www.campingmarinabellerive.com/
LesTerrassesMontcalm	http://www.lesterrassesmontcalm.com/
Camping1530	https://www.camping1530.com/
BelleyCampground	https://campingbelley.com/en/amenities/amenities.html
CampingLaTuque	https://www.campingunion.com/en/camping-la-tuque
CampingCoopdesÉrablesdeMontmag	https://www.campingcoopdeserables.com/
CampingTémilac	 https://chaletscampingtemilac.com/
CampingBaieDesSables	https://baiedessables.com/
CentredepleinairdulacYork	https://chic-chac.com/activites/ete/centre-plein-air-lac-york/
CampingChampsBoisés	https://www.campingchampsboises.net/
CampingVauvertsurleLacSaintJea	https://vauvertsurlelacsaintjean.com/terrains-de-camping/
CampingValdesBois	https://www.campingvaldesbois.com/
CampingBaieDuDiable	https://campingbaiedudiable.com/
DomaineDuReposRVPark	https://www.domainedurepos.com/
CampingSteAnne	https://www.campingsteanne.ca/
CampingLacdesPlaines	https://www.campinglacdesplaines.com/
CampingDomaineDuLacLibby	https://campinglaclibby.com/
CampingChutesFraser	http://www.campingchutesfraser.com/
CampingLePetitBonheur	http://www.aventuresentinelle.com/
CampingKeaOtamac	http://campingotamac.com/Accueil.php
CampingDomaineMadalie	https://www.domaine-madalie.com/
RoyalPapineauLacdelArgile	https://www.parkbridge.com/fr-ca/rv-cottages/royal-papineau?utm_medium=organic&amp;utm_source=google&amp;utm_campaign=gmb
CampingPionnier	https://www.campingpionnier.com/
CampingPlagedesSables	http://camping-plagedessables.com/
CampingDuParc	https://campingduparc.ca/index.php?lang=en
CampingStBoniface	http://www.campingsaintboniface.com/
CampingBelleMontagne	http://campingbellemontagne.com/
CampingDouceEvasion	http://www.campingdouceevasion.com/
TarmiganCamping	http://www.tarmigan.com/
CampingValleeBleueResortEnr199	http://www.campingvalleebleue.ca/
CampingChezJeanEnr198004	http://www.campingchezjean.com/
CampingPlageTroisPistoles	http://campingplagetrois-pistoles.ca/
CampingWigwam	http://campingwigwam.com/
CampingCausapscalChezMoose	http://www.campingchezmoose.com/
CampingStEdouard	http://www.campingstedouard.com/
DomaineFrontiereEnchantee	http://www.campingfrontiere.ca/
CampingDaoust	http://www.campingdaoust.com/
EspaceNapaga	http://espacenapaga.com/
CampingLacdesCypres	https://campinglacdescypres.com/
CampingBelleNature	https://campingbellenature.com/
CampingCoolbreeze	http://campingcoolbreeze.com/
CampingPanoramiqueParkbridge	https://www.parkbridge.com/fr/resort/resort-detail/panoramique?utm_medium=organic&utm_source=google&utm_campaign=gmb
DomaineFlorent	http://www.domaineflorent.com/?utm_medium=referral&utm_source=gmb&utm_campaign=lnk-gmb
CannedeBoisdeHemmingford	https://www.campingcannedebois.com/
LeDomainedelAngeGardien	https://domaineangegardien.com/
CampingBonJour	http://www.campingbonjour.com/
CampingAuSoleilStPaulin	http://www.campingausoleil.com/
CampingSoleil	http://www.campingsoleil.com/
CampingEcologiquedeFrelighsbur	http://www.campingecologique.com/
CampinglaDescentedesFemmes	https://campingsaguenay.com/
CampingdesEtoiles	http://www.campingdesetoiles.com/
CampingauPindErable	https://campingaupinderable.ca/
CampinglaPinede	https://www.lapinede.ca/
CampingdelaRive	http://campingauquebec.com/campings/lanaudiere/delarive/delarive.html
CampingParcdelaRive	https://www.campingparcdelarive.com/
CampingCampus	https://www.campingquebec.com/fr/lanaudiere/camping-campus/
CampingParcNatureGaspe	https://secure.reservit.com/fo/booking/58/431494/dates?specialMode=default&langcode=FR&__utmz=128918670.1622215847.1.1.utmcsr%3D%28direct%29%7Cutmccn%3D%28direct%29%7Cutmcmd%3D%28none%29&custid=58&_ga=GA1.2.698573292.1621263782&hotelid=431494&__utmc=128918670&m=booking&__utma=128918670.698573292.1621263782.1623870285.1623872639.5
CampingHorizon	http://www.campinghorizon.ca/
CampingLacauxFlambeaux	http://www.campinglacauxflambeaux.com/
HebergementPlageRobertson	https://www.shekutamitexperience.com/
CampinglaDetente	http://www.campingladetente.ca/
CampingOasis	https://www.campingoasis.com/
CampingHavredelaNuit	http://www.campinghavredelanuit.ca/
CampingduRivage	http://www.campingdurivage.com/
CampingStPolycarpe	http://www.campingstpolycarpe.ca/
CampingBeauSoleilEnr200561	http://campingbeausoleil.net/
CampingdelaDemiLieue	https://www.campingunion.com/fr/camping-chaudiere-appalaches/
CampingLevesque	http://www.campinglevesque.com/
CampingVilladesSables	http://campingvilladessables.com/
CampingAlmaLaColonie	https://www.campingalma.com/
CampingduGouffre	https://www.campingunion.com/fr/meilleur-camping-charlevoix/
CampingParclaConception	http://www.campinglaconception.ca/
DomaineInternationaldeRouville	http://www.domaineinternationalderouville.com/
CampingGauloisEnr198203	http://www.campinggaulois.com/
Camping1530Enr200793	http://camping1530.com/
CampingDomainedesErablesParkbr	https://www.parkbridge.com/fr/resort/resort-detail/domaine-des-erables?utm_medium=organic&utm_source=google&utm_campaign=gmb
CampingParcdelaPeninsule	http://www.peninsule.com/
CampingStLouis	http://www.campingstlouis.ca/
CampingTurmelEnr	https://www.roulotteturmel.com/
CampingDomaineEnsoleille	https://domaineensoleille.com/
CampingLeMoulinRouge	http://campingmoulinrouge.com/
CampingduLacBlais	http://campingdulacblais.ca/
CampingSainteMadeleineEnr19966	http://www.campingstemadeleine.com/
DomainedesErables	https://www.campingquebec.com/en/campings/cantons-de-lest/camping-domaine-des-erables
CampingMontagnedArgent	http://www.campingdelamontagnedargent.com/
CampingKelly	http://www.campingkelly.com/
DomaineduBelAge	https://www.campingbelage.com/
CampingLacJoly	https://campinglacjoly.com/
CampingLacAuxSables	http://www.campinglacauxsables.com/
CampingLacGeorges	http://www.campinglacgeorges.com/
CampingRusseltown	http://www.russeltown.com/
CampingValLero	http://www.campingval-lero.com/
CampingLacMorin	https://campinglacmorin.com/
CampingAquaParcStPie	https://www.campingaquaparcstpie.com/aquaparc.asp
CampingCoopFamilialedePrevert	https://www.campingprevert.com/
CampingLacduRepos	https://campinglacdurepos.ca/
DomaineFloribell	http://www.floribell.com/
CampingSolAir	https://campingsolair.com/
CampingdelIle	http://www.campingdelile.com/
DomaineauGrandR	http://www.domaineaugrandr.com/
CampingauxFlotsBleus	https://www.campingauxflotsbleus.com/
Camping2Rivieres	https://camping2rivieres.com/
CampingLeroux	https://www.campingleroux.com/
AztecCampingEnr199415	https://azteccamping.ca/
CentredePleinAirlaSeigneurie	https://www.campinglaseigneurie-fr.com/
CampingGemeaux	http://campinggemeaux.com/
CampingauxBouleaux	https://www.campingauxbouleaux.com/
CampingGregoire	http://www.campinggregoire.com/
CampinglaMinedeCuivre	http://campingminedecuivre.com/
CampinglaRocaille	http://www.campinglarocaille.com/
CampingAuSoleilStCôme	http://campingausoleil.com/
DomaineParcEstrieParkbridge	https://www.parkbridge.com/fr/resort/resort-detail/domaine-parcestrie?/fr-ca/rv-cottages/Parc-Estrie?utm_medium=organic&utm_source=google&utm_campaign=gmb
CampingParcdelaChaudiere	http://www.campingchaudiere.com/
CampingPlageBernard	https://www.campingbernard.com/
CampingLacFrontiereBorderLake	https://www.campinglacfrontiere.com/
CampingParadiso	http://www.campingparadiso.ca/
CampingDomaineTournesol	http://campingdomainetournesol.com/
DomaineDesjardins	https://www.desjardins.com/81530113
CampingauBonnetRougeEnr198144	https://campingbonnetrouge.com/
CampingVFEnr200546	http://www.campingauvieuxfoyer.com/
CampingPlageO4iles	https://www.o4iles.com/
CampingdesChutesInverness	https://www.campingdeschutesinverness.com/
CampingduLacCristal	http://www.laccristal.com/?utm_medium=referral&utm_source=gmb&utm_campaign=lnk-gmb
CampingMonPlaisir	https://www.campingmonplaisir.ca/
CampingdelEstrie	http://www.campingdelestrie.com/
CampingdesChutesHunter	http://lecampingdeschuteshunter.com/
CampingLacetForet	https://www.campinglacetforet.com/accueil
CampingCaravelle	https://campingcaravelle.com/
CampingPlageParis	http://campingplageparis.com/
CampinglaGervaisie	http://www.campinglagervaisie.com/
CampingGuilmette	http://www.campingguilmette.com/
