CampinglaCledesChamps	Camping la Cle des Champs
CampingBasSaintLaurent	Camping Bas Saint-Laurent
CampingdelaDiable	Camping de la Diable
BassinLouiseRVParkingLot	Bassin Louise RV Parking Lot
CampingOrléans	Camping Orléans
CampingParcBromont	Camping Parc Bromont
CampingMarinaParcBellerive	Camping Marina Parc Bellerive
CampingLaJolieRochelle	Camping La Jolie Rochelle
LesTerrassesMontcalm	Les Terrasses Montcalm
CampingLamoureux	Camping Lamoureux
Camping1530	Camping 15/30
CampingRemousdelaChaudiere	Camping Remous de la Chaudiere
BelleyCampground	Belley Campground
CampingPleinBois	Camping Plein Bois
CampingLaTuque	Camping La Tuque
CampingCoopdesÉrablesdeMontmag	Camping Coop des Érables de Montmagny
CampingTémilac	Camping Témilac
CampingBaieDesSables	Camping Baie-Des-Sables
CentredepleinairdulacYork	Centre de plein air du lac York
CampingChampsBoisés	Camping Champs Boisés
CampingVauvertsurleLacSaintJea	Camping Vauvert sur-le Lac-Saint-Jean
CampingValcartier	Camping Valcartier
CampingValdesBois	Camping Val des Bois
CampingBaieDuDiable	Camping Baie Du Diable
CampingauSommet	Camping au Sommet
DomaineDuReposRVPark	Domaine Du Repos RV Park
CampingSteAnne	Camping Ste-Anne
CampingLacdesPlaines	Camping Lac-des-Plaines
CampingOMillesÉtoiles	Camping O'Milles Étoiles
CampingDomaineDuLacLibby	Camping Domaine Du Lac Libby
CampingChutesFraser	Camping Chutes Fraser
CampingLePetitBonheur	Camping Le Petit Bonheur
CampingKeaOtamac	Camping Kea Otamac
CampingDomaineMadalie	Camping Domaine Madalie
RoyalPapineauLacdelArgile	Royal Papineau - Lac de l'Argile
CampingPionnier	Camping Pionnier
CampingPlagedesSables	Camping Plage des Sables
CampingDuParc	Camping Du Parc
CampingStBoniface	Camping St-Boniface
CampingBelleMontagne	Camping Belle Montagne
CampingDouceEvasion	Camping Douce Evasion
CampingMontPlaisantRoberval	Camping Mont Plaisant Roberval
TarmiganCamping	Tarmigan Camping
CampingValleeBleueResortEnr199	Camping Vallee Bleue Resort, Enr.199426
CampingChezJeanEnr198004	Camping Chez Jean, Enr.198004
CampingPlageTroisPistoles	Camping Plage Trois-Pistoles
CampingWigwam	Camping Wigwam
CampingCausapscalChezMoose	Camping Causapscal Chez Moose
CampingStEdouard	Camping St-Edouard
DomaineFrontiereEnchantee	Domaine Frontiere Enchantee
CampingSainteEmilie	Camping Sainte-Emilie
CampingauPiedduMont	Camping au Pied du Mont
CampingDaoust	Camping Daoust
EspaceNapaga	Espace Napaga
CampingLacdesCypres	Camping Lac des Cypres
CampingAngeGardien	Camping Ange Gardien
CampingBelleNature	Camping Belle Nature
CampingCoolbreeze	Camping Coolbreeze
CampingPanoramiqueParkbridge	Camping Panoramique - Parkbridge
DomaineFlorent	Domaine Florent
CannedeBoisdeHemmingford	Canne de Bois de Hemmingford
LeDomainedelAngeGardien	Le Domaine de l'Ange Gardien
CampingBonJour	Camping Bon-Jour
CampingAuSoleilStPaulin	Camping Au Soleil St-Paulin
CampingSoleil	Camping Soleil
CampingEcologiquedeFrelighsbur	Camping Ecologique de Frelighsburg
CampinglaDescentedesFemmes	Camping la Descente des Femmes
CampingdesEtoiles	Camping des Etoiles
CampinglaRochelle	Camping la Rochelle
CampingauPindErable	Camping au Pin d'Erable
CampinglaPinede	Camping la Pinede
CampingdelaRive	Camping de la Rive
CampingParcdelaRive	Camping Parc de la Rive
CampingCampus	Camping Campus
CampingParcNatureGaspe	Camping Parc Nature Gaspe
BasePleinAirSaintDamase	Base Plein Air Saint-Damase
ClubPlageLacSaintJoseph	Club Plage Lac Saint-Joseph
CampingHorizon	Camping Horizon
CampingLacauxFlambeaux	Camping Lac aux Flambeaux
HebergementPlageRobertson	Hebergement Plage Robertson
CampinglaDetente	Camping la Detente
CampingOasis	Camping Oasis
CampingHavredelaNuit	Camping Havre de la Nuit
CampingduRivage	Camping du Rivage
CampingStPolycarpe	Camping St Polycarpe
CampingBeauSoleilEnr200561	Camping Beau-Soleil, Enr.200561
CampingLeCharmeur	Camping Le Charmeur
CampingdelaDemiLieue	Camping de la Demi-Lieue
CampingLevesque	Camping Levesque
CampingLacauxPins	Camping Lac aux Pins
CampingVilladesSables	Camping Villa des Sables
CampingAlmaLaColonie	Camping Alma La Colonie
CampingduGouffre	Camping du Gouffre
CampingParclaConception	Camping Parc la Conception
DomaineInternationaldeRouville	Domaine International de Rouville
CampingGauloisEnr198203	Camping Gaulois, Enr.198203
Camping1530Enr200793	Camping 1530, Enr.200793
CampingPlageMcKenzie	Camping Plage McKenzie
CampingDomainedesErablesParkbr	Camping Domaine des Erables - Parkbridge
CampingParcdelaPeninsule	Camping Parc de la Peninsule
CampingStLouis	Camping St-Louis
CampingTurmelEnr	Camping Turmel Enr
CampingDomaineEnsoleille	Camping Domaine Ensoleille
CampingLeMoulinRouge	Camping Le Moulin Rouge
CampingduLacBlais	Camping du Lac Blais
CampinglEgare	Camping l'Egare
CampingSainteMadeleineEnr19966	Camping Sainte Madeleine, Enr.199662
DomainedesErables	Domaine des Erables
CampingMontagnedArgent	Camping Montagne d'Argent
CampingKelly	Camping Kelly
DomaineduBelAge	Domaine du Bel Age
CampingLacJoly	Camping Lac Joly
CampingLacAuxSables	Camping Lac-Aux-Sables
CampingLacGeorges	Camping Lac Georges
CampingRusseltown	Camping Russeltown
CampingValLero	Camping Val-Lero
CampingLacMorin	Camping Lac Morin
CampingAquaParcStPie	Camping Aqua-Parc St-Pie
CampingCoopFamilialedePrevert	Camping Coop Familiale de Prevert
CampingLacduRepos	Camping Lac du Repos
DomaineFloribell	Domaine Floribell
CampingSolAir	Camping Sol Air
CampingdelIle	Camping de l'Ile
DomaineauGrandR	Domaine au Grand R
CampingauxFlotsBleus	Camping aux Flots Bleus
Camping2Rivieres	Camping 2 Rivieres
CampingLeroux	Camping Leroux
AztecCampingEnr199415	Aztec Camping, Enr.199415
CentredePleinAirlaSeigneurie	Centre de Plein Air la Seigneurie
CampingGemeaux	Camping Gemeaux
CampingauxBouleaux	Camping aux Bouleaux
CampingGregoire	Camping Gregoire
CampingParcStMichel	Camping Parc St Michel
CampinglaMinedeCuivre	Camping la Mine de Cuivre
CampinglaRocaille	Camping la Rocaille
CampingAuSoleilStCôme	Camping Au Soleil St-Côme
DomaineParcEstrieParkbridge	Domaine Parc-Estrie - Parkbridge
CampingParcdelaChaudiere	Camping Parc de la Chaudiere
CampingPlageBernard	Camping Plage Bernard
CampingLacFrontiereBorderLake	Camping Lac Frontiere (Border Lake)
CampingParadiso	Camping Paradiso
CampingRuisselet	Camping Ruisselet
CampingDomaineTournesol	Camping Domaine Tournesol
DomaineDesjardins	Domaine Desjardins
CampingauBonnetRougeEnr198144	Camping au Bonnet Rouge, Enr.198144
CampingVFEnr200546	Camping VF, Enr.200546
CampingPlageO4iles	Camping Plage O 4 iles
CampingdesChutesInverness	Camping des Chutes Inverness
CampingduLacCristal	Camping du Lac Cristal
CampingMonPlaisir	Camping Mon Plaisir
CampingauPetitLacSimon	Camping au Petit Lac Simon
CampingduLacLysterPiskiartLaSe	Camping du Lac Lyster (Piskiart-La Sequiniere)
CampingdelEstrie	Camping de l'Estrie
CampingdesChutesHunter	Camping des Chutes Hunter
CampingLacetForet	Camping Lac et Foret
CampingCaravelle	Camping Caravelle
CampingPlageParis	Camping Plage Paris
CampinglaGervaisie	Camping la Gervaisie
CampingGuilmette	Camping Guilmette
