DaysGetaway	https://www.adaysgetaway.com/
RattlingBrook	https://www.rattlingbrookfallsrvcamping.com/
JonathansPond	https://jonathanspondrvcampground.ca/
SharkCove	https://www.newfoundlandlabrador.com/plan-and-book/campgrounds-and-parks/36375798
Roaches	https://roacheslinepark.com/
OldMill	https://theoldmillrvpark.ca/
BlueSpruce	https://bluesprucerv.ca/
Camp5	https://burntberryresort.com/park.htm
Jackladder	https://jackladder.ca/
PiratesHaven	http://www.pirateshavenadventures.com/
Brookdale	https://brookdaleinn.ca/
Kilmory	http://www.kilmoryresort.com/
Funland	http://funlandresort.ca/
