RiverbendCottageRVResort	https://www.riverbendresort.bc.ca/
MountWashingtonAlpineLodge	https://www.mountwashington.ca/accommodation.html
HaydnTurnerCampground	http://www.queencharlotte.ca/content/haydn-turner-campground
HeartHavenRVFamilyCampground	https://www.hearthavenrvcamping.ca/
KokaneeBayFishingResort	https://www.kokaneebayfishingresort.ca
CowichanLakeRVResort	http://www.cowichanlakerv.com
RiversideResort	https://www.parkbridge.com/en-ca/rv-cottages/riverside-resort
DesertGemRVResort	http://desertgemrv.com/
SunshineValleyRVResort	https://www.holidaytrailsresorts.com/sunshine-valley-rv-resort-cabins/
MtnFunBasecamp	https://www.mtnfunbasecamp.com
BlackDiamondRanch	https://blackdiamondranch.ca/
PillarLakeResort	http://www.pillarlake.com/
CedarsRVResort	https://www.cedarsresort.ca/
KokaneeSpringsResortByPinnacle	https://www.kokaneesprings.com/
SicamousRVCampground	https://sicamousrvcampground.com/
PassCreekCampground	https://passcreekcampground.weebly.com/
SintichRVTrailerPark	http://www.sintichpark.bc.ca
MoondanceBayResort	http://www.moondancebay.com
GigglinGrizzlyRVPark	https://gigglingrizzly.ca
CottonwoodHouseHistoricSite	http://www.cottonwoodhouse.ca/
CoalRiverServicesRVParkLodge	https://coalriverservices.com/
JadeCity	https://jadecity.com/
ThePoplarsMotelRVPark	https://poplarscampground.weebly.com/
TachickLakeResort	http://www.tachicklakeresort.com
PinewoodRVPark	https://pinewoodrvpark.com/
PacificPalmsRVResort	https://www.pacificpalmsrvresort.com/
TsawaakRVResort	https://www.tsawaakrvresort.ca/
ROAMBeachResort	http://www.roambeachresort.ca/book
FingerLakeWildernessResort	http://www.fingerlakeresort.com/
CaravansWestRVResort	http://www.caravanswest.ca/
CowichanRiverCampground	https://cowichanrivercampground.ca/info
WyaPointCampground	https://www.wyapoint.com/
NanaimoLakesDeadwoodCampground	https://nlcampsite.com/
MermaidCoveResortCampground	http://www.mermaidcove.ca
MacktushCampground	https://macktushcampground.ca/
CowichanLakeDistrictKissingerL	https://www.mosaiccampsites.com/book
CowichanLakeDistrictHeatherCam	http://lakecowichancamping.com
NanaimoLakesOldMillCampsites	https://www.mosaiccampsites.com/book/centralisland/oldmill
CedarBeachResortCampground	https://saltspring-accommodations.com/
BailyBridgeCampsites	https://bailey-bridge-campsites.business.site/?utm_source=gmb&utm_medium=referral
BellaCoolaValleyCampground	https://bellacoola.ca/portfolio/bella-coola-valley-campgrounds/
PembertonAdventureRanch	https://www.pemberton-adventure-ranch.com/
CedarFallsCampground	https://www.cedarfalls.ca/
BigSkyRVPark	http://bigskyrvpark.ca
WhiteLakeRVFishingResort	https://www.pinnaclelifestyles.ca/waystostay
CabanaBeachCampgroundRVPark	https://www.destinationosoyoos.com/listing/cabana-beach-campground/
WaltonsLakefrontResort	https://www.waltonslakefront.com/
SnaʕsnulaxtnAshnolaCampground	https://ashnolacampground.wordpress.com/
ShuswapLakeRVResort	https://www.slrvresort.ca/
MaraLakeRVandBeachClub	https://www.pinnaclelifestyles.ca/waystostay
MaderaRanch	https://www.maderaranch.com/
BeaverdellRVParkCampgrounds	https://bit.ly/Soffies_RV_Page
WhatshanLakeRetreat	https://www.whatshan.com/
ParklaneMotelandRVPark	http://parklane-resort.ca/index.php
KayanaraGuestRanch	https://www.kayanara.com/
RobsonShadowsCampground	https://mountrobsonlodge.com/campground/
ComerHillEstatesMobileHomePark	http://www.mobilehomeparkbc.com
GoldenwoodCampground	https://www.goldenwoodlodge.com
BeaverPointResort	http://beaverpointresort.ca/
WildMareRVPark	https://wild-mare-rv-park.business.site/
HoupsitasVillageSuites	http://www.walterscoveresort.com/
SicamousRVCabinsResortbyPinnac	https://br.bluepillow.com/search/64861cc37f7e24c1922f6ce9/947240802?dest=bkng&cat=House&lat=50.88801&lng=-118.84212&language=pt
MountainParkResort	http://www.mountainparkresort.ca/
Bell2Lodge	http://www.bell2lodge.com/
VillageofSilvertonCampground	http://www.silverton.ca/rec/Camping.html
NuggetHillsRVPark	http://www.nuggethillsrv.ca/
