CrystalCoveResortandRVPark	https://www.crystalcove.ca/
SurfsideRVResort	https://surfsiderv.ca/
RiversideResortRVPark	https://myriversideresort.com/
SpringsRVResort	http://www.springsrv.com/
SunshineValleyRVResort	https://www.holidaytrailsresorts.com/sunshine-valley-rv-resort-cabins/
WhistlerOlympicParkRVCampgroun	https://www.whistlersportlegacies.com/whistler-olympic-park/whistler-olympic-park-rv-campground
MtnFunBasecamp	https://www.mtnfunbasecamp.com
HaiwathaRVPark	http://www.hiawatharvpark.com/?utm_source=campgrounds.rvlife.com&utm_campaign=RVLife_Campgrounds&utm_medium=referral
BeachcomberRVPark	https://beachcomberrv.com/
ChimneyRockCampingResort	https://www.chimneyrock.ca/
KokaneeSpringsResortByPinnacle	https://www.kokaneesprings.com/
SicamousRVCampground	https://sicamousrvcampground.com/
CrazyCreekResort	https://www.crazycreekresort.com/
UclueletCampground	https://www.uclueletcampground.com/
RiversideResortRVPark	https://myriversideresort.com/
BurnabyCaribooRVParkandCampgro	https://bcrvpark.com/
SaveParadiseRVandCamping	https://pachenabaycampground.ca/
BarneysLakesideResort	https://www.barneyslakesideresort.com/
WyaPointCampground	https://www.wyapoint.com/
CowichanLakeDistrictKissingerL	https://www.mosaiccampsites.com/book
NanaimoLakesOldMillCampsites	https://www.mosaiccampsites.com/book/centralisland/oldmill
CedarBeachResortCampground	https://saltspring-accommodations.com/
BailyBridgeCampsites	https://bailey-bridge-campsites.business.site/?utm_source=gmb&utm_medium=referral
WoodlandsFishinResort	https://woodlandsfishinresort.com
BellaCoolaValleyCampground	https://bellacoola.ca/portfolio/bella-coola-valley-campgrounds/
CedarFallsCampground	https://www.cedarfalls.ca/
WhiteLakeRVFishingResort	https://www.pinnaclelifestyles.ca/waystostay
CabanaBeachCampgroundRVPark	https://www.destinationosoyoos.com/listing/cabana-beach-campground/
WaltonsLakefrontResort	https://www.waltonslakefront.com/
ShuswapLakeRVResort	https://www.slrvresort.ca/
GoldPannerCampground	https://campgoldpanner.com/
MaraLakeRVandBeachClub	https://www.pinnaclelifestyles.ca/waystostay
WhatshanLakeRetreat	https://www.whatshan.com/
ParklaneMotelandRVPark	http://parklane-resort.ca/index.php
BarkervilleHistoricTownPark	http://www.barkerville.ca/
KayanaraGuestRanch	https://www.kayanara.com/
BeaverPointResort	http://beaverpointresort.ca/
MountainParkResort	http://www.mountainparkresort.ca/
RiverValleyRVPark	http://www.keremeosrivervalleyrvpark.com/
Bell2Lodge	http://www.bell2lodge.com/
NightSkyCampground	https://www.nightskycampground.ca/
VillageofSilvertonCampground	http://www.silverton.ca/rec/Camping.html
ChemainusRiverCampground	http://www.chemainusrivercampground.com/
LakeFrontRVResort	http://www.lakefrontrvpark.com/
HeritageCampsiteRVPark	http://heritagecampsite.com/
FortCampingInBraeIslandRegiona	https://pathfindercampresorts.com/locations/fort-langley
SnaʕsnulaxtnAshnolaCampground	https://ashnolacampground.wordpress.com/
