CrystalCoveResortandRVPark	Crystal Cove Resort and RV Park
SurfsideRVResort	Surfside RV Resort
UclueletCampground	Ucluelet Campground
RiverbendCottageRVResort	Riverbend Cottage & RV Resort
MountWashingtonAlpineLodge	Mount Washington Alpine Lodge
QualicumFirstNationCampground	Qualicum First Nation Campground
PuntledgeRVParkCamground	Puntledge RV Park & Camground
PortRenfrewRVResort	Port Renfrew RV Resort
HaydnTurnerCampground	Haydn Turner Campground
RiversideResortRVPark	Riverside Resort & RV Park
HeartHavenRVFamilyCampground	Heart Haven RV Family Campground
WhiskeyCreekCampground	Whiskey Creek Campground
KokaneeBayFishingResort	Kokanee Bay Fishing Resort
CowichanLakeRVResort	Cowichan Lake RV Resort
BurnabyCaribooRVParkandCampgro	Burnaby Cariboo RV Park and Campground
RiversideResort	Riverside Resort
WhistlerRVParkandCampground	Whistler RV Park and Campground
DesertGemRVResort	Desert Gem RV Resort
SpringsRVResort	Springs RV Resort
SilverSageCampground	Silver Sage Campground
HolidayParkResort	Holiday Park Resort
ViewPointRVParkCottages	ViewPoint RV Park & Cottages
SunshineValleyRVResort	Sunshine Valley RV Resort
AcaciaGroveRVPark	Acacia Grove RV Park
PrincetonRVCampground	Princeton RV Campground
AnmoreCampRVPark	Anmore Camp & RV Park
KelownaUrbanFarmandRVPark	Kelowna Urban Farm and RV Park
SunnysideCampground	Sunnyside Campground
WhistlerOlympicParkRVCampgroun	Whistler Olympic Park RV & Campground
KlahanieCampground	Klahanie Campground
MtnFunBasecamp	Mtn Fun Basecamp
ParkRoyalRVResort	Park Royal RV Resort
HaiwathaRVPark	Haiwatha RV Park
BeachcomberRVPark	Beachcomber RV Park
ChimneyRockCampingResort	Chimney Rock Camping Resort
CentennialRVPark	Centennial RV Park
BlackDiamondRanch	Black Diamond Ranch
PillarLakeResort	Pillar Lake Resort
CedarSpringsRVMobileHomePark	Cedar Springs RV & Mobile Home Park
FairmontHotSpringsResortRVPark	Fairmont Hot Springs Resort RV Park
FernieRVResort	Fernie RV Resort
FortSteeleResortandRVPark	Fort Steele Resort and RV Park
CedarsRVResort	Cedars RV Resort
NakuspHotSpringsCampground	Nakusp Hot Springs Campground
WillOBendGolfRVPark	Will-O-Bend Golf & RV Park
MountainShadowsResort	Mountain Shadows Resort
CedarBayRVPark	Cedar Bay RV Park
AlpinerHolidayResort	Alpiner Holiday Resort
BlackSheepCampKootenayRiver	Black Sheep Camp Kootenay River
KokaneeSpringsResortByPinnacle	Kokanee Springs Resort By Pinnacle Lifestyles
SicamousRVCampground	Sicamous RV Campground
PassCreekCampground	PassCreek Campground
SintichRVTrailerPark	Sintich RV & Trailer Park
AirportInnMotelandRVPark	Airport Inn Motel and RV Park
TheHistoricChilcotinLodge	The Historic Chilcotin Lodge
MoondanceBayResort	Moondance Bay Resort
GigglinGrizzlyRVPark	Gigglin' Grizzly RV Park
FirCrestLakesideRVResort	FirCrest Lakeside RV Resort
CottonwoodHouseHistoricSite	Cottonwood House Historic Site
RevelstokeRVCabinResort	Revelstoke RV & Cabin Resort
CrazyCreekResort	Crazy Creek Resort
NorthernRockiesLodge	Northern Rockies Lodge
GlacierViewRVPark	Glacier View RV Park
CoalRiverServicesRVParkLodge	Coal River Services RV Park & Lodge
JadeCity	Jade City
ThePoplarsMotelRVPark	The Poplars Motel & RV Park
TachickLakeResort	Tachick Lake Resort
ByMacParkCampground	By-Mac Park Campground
PinewoodRVPark	Pinewood RV Park
AlahartApartmentsRVPark	Alahart Apartments & RV Park
SurfGroveCampground	Surf Grove Campground
PacificPalmsRVResort	Pacific Palms RV Resort
TsawaakRVResort	Tsawaak RV Resort
NitinahtLakeCampground	Nitinaht Lake Campground
SurfJunctionCampground	Surf Junction Campground
ROAMBeachResort	ROAM Beach Resort
FingerLakeWildernessResort	Finger Lake Wilderness Resort
SalishSeasideRVResortandMarina	Salish Seaside RV Resort and Marina
CaravansWestRVResort	Caravans West RV Resort
MartensResortandRVPark	Martens Resort and RV Park
CowichanRiverCampground	Cowichan River Campground
RedClayOvenRVpark	Red Clay Oven RV park
SaveParadiseRVandCamping	Save Paradise RV and Camping
BarneysLakesideResort	Barney's Lakeside Resort
TribuneBayCampsite	Tribune Bay Campsite
WyaPointCampground	Wya Point Campground
PortRenfrewMarinaRVPark	Port Renfrew Marina & RV Park
NanaimoLakesDeadwoodCampground	Nanaimo Lakes - Deadwood Campground
MermaidCoveResortCampground	Mermaid Cove Resort Campground
MacktushCampground	Macktush Campground
CowichanLakeDistrictKissingerL	Cowichan Lake District, Kissinger Lake Campground
CowichanLakeDistrictHeatherCam	Cowichan Lake District, Heather Campground
NanaimoLakesOldMillCampsites	Nanaimo Lakes, Old Mill Campsites
CedarBeachResortCampground	Cedar Beach Resort & Campground
BailyBridgeCampsites	Baily Bridge Campsites
LittleRockRVPark	Little Rock RV Park
WoodlandsFishinResort	Woodlands Fishin Resort
BellaCoolaValleyCampground	Bella Coola Valley Campground
PembertonAdventureRanch	Pemberton Adventure Ranch
DeltaGolfCountryClub	Delta Golf & Country Club
CedarFallsCampground	Cedar Falls Campground
BigSkyRVPark	Big Sky RV Park
WhiteLakeRVFishingResort	White Lake RV & Fishing Resort
HeadwatersFamilyCamp	Headwaters Family Camp
MapleLeafMotelRVParkResort	Maple Leaf Motel & RV Park Resort
CabanaBeachCampgroundRVPark	Cabana Beach Campground & RV Park
WaltonsLakefrontResort	Walton's Lakefront Resort
SerenitybytheLakeRVPark	Serenity by the Lake RV Park
SnaʕsnulaxtnAshnolaCampground	Snaʕsnulax̌tn (Ashnola) Campground
ShuswapLakeRVResort	Shuswap Lake RV Resort
HolidayHillsRVResort	Holiday Hills RV Resort
LakeErrockRVPark	Lake Errock RV Park
GoldPannerCampground	Gold Panner Campground
MaraLakeRVandBeachClub	Mara Lake RV and Beach Club
MaderaRanch	Madera Ranch
BeaverdellRVParkCampgrounds	Beaverdell RV Park & Campgrounds
RiverdellAdventures	Riverdell Adventures
WhatshanLakeRetreat	Whatshan Lake Retreat
LittleDipperHideawayCabinCampg	Little Dipper Hideaway Cabin & Campground
ParklaneMotelandRVPark	Parklane Motel and RV Park
BarkervilleHistoricTownPark	Barkerville Historic Town Park
KayanaraGuestRanch	Kayanara Guest Ranch
RobsonShadowsCampground	Robson Shadows Campground
ComerHillEstatesMobileHomePark	Comer Hill Estates Mobile Home Park
GoldenwoodCampground	Goldenwood Campground
BeaverPointResort	Beaver Point Resort
WildMareRVPark	Wild Mare RV Park
LilyPondRV	Lily Pond RV
FairHarbourMarinaCampground	Fair Harbour Marina & Campground
HoupsitasVillageSuites	Houpsitas Village Suites
SicamousRVCabinsResortbyPinnac	Sicamous RV & Cabins Resort by Pinnacle Lifestyles
FortCampingInBraeIslandRegiona	Fort Camping In Brae Island Regional Park
MountainParkResort	Mountain Park Resort
CrazyCreekHotPoolsResort	Crazy Creek Hot Pools Resort
TheLakesideResort	The Lakeside Resort
RiverValleyRVPark	River Valley RV Park
Bell2Lodge	Bell 2 Lodge
GorgeHarbourMarinaResort	Gorge Harbour Marina Resort
PuntledgeRVCampgroundNimNimInt	Puntledge RV Campground & Nim Nim Interpretive Centre
NightSkyCampground	Night Sky Campground
VillageofSilvertonCampground	Village of Silverton Campground
ChemainusRiverCampground	Chemainus River Campground
LakeFrontRVResort	Lake Front RV Resort
WhiteRiverResort	White River Resort
HeritageCampsiteRVPark	Heritage Campsite & RV Park
NuggetHillsRVPark	Nugget Hills RV Park
