1292	none	aggregators only
1296	none	aggregators only
1307	none	nothing found
1308	none	aggregators only
1311	none	trip.com/aggregators only
1317	none	aggregators only; one says may be closed
1369	verify	https://www.amishville.com/
1730	none	nothing for Taylor Lake (Lakeside RV Park Olney is a different park?)
1968	verify	RiverWood Resort (campspot riverwood-resort-lebanon-mo) - new name?
2018	none	aggregators only
2048	none	aggregators/hotel resellers only
2050	none	aggregators only
2230	verify	hipcamp kansas-seidels-rv-park-kk9hk8xp
2231	verify	hipcamp kansas-bert-s-rv-park-dw9h96zz
2851	verify	https://stores.cabelas.com/us/ne/sidney/115-cabela-drive.html
2853	verify	visitnebraska.com/chappell/creekside-rv-park (tourism)
2859	none	aggregators + visitnebraska only
3376	verify	RMS booking https://bookings.rms.com.au/obookings3/search/index/9070/90 (is it this park?)
3415	none	travelwisconsin + aggregators only
3821	none	aggregators only
3823	none	aggregators only
3883	closed	Campendium marks Park Place of the North PERMANENTLY CLOSED
4267	none	aggregators only
4278	none	aggregators only (onlyinonslow tourism)
4300	none	aggregators only
4309	none	aggregators only; millpond drained (dam damaged)
4364	none	aggregators + Florence tourism listings only
4372	none	aggregators only; mixed maintenance reviews
4606	none	aggregators + MHVillage (mobile home park listing) only - also reads residential
4635	none	aggregators only
5101	none	aggregators only
5107	none	aggregators only
5119	none	no own website (search summary says listed only on third-party sites)
5264	none	aggregators only; parkadvisor lists it as RV & MOBILE HOME park, longest RV reported 21 ft
5271	none	only Harvest Hosts (membership network) + Dyrt
5272	none	aggregators only
5277	none	nothing found for Van Hook RV Park at all
5300	recheck	RoverPass page shows priced site types (\$38.93-45.80/day) - may be bookable despite no Instant Book
5303	none	aggregators only
5326	none	aggregators only
